1,Aaron,Guzman,F,1984-08-14,6097779K,Manager,060 Vasquez Loaf,Dennis Underpass,Lake Lisaberg,(722)139-3962x8840,AaronGuzman@gmail.com,32803.18,1
2,Michael,Green,F,1979-08-03,8984683Q,Assisstant,700 Katherine Track,Kyle Dam,North Heather,09250119508,MichaelGreen@gmail.com,40392.75,2
3,Dustin,Reynolds,M,1989-02-27,5626842R,Assisstant,683 Matthew Spurs,Joseph Crossing,Cindyberg,191.881.9325x2789,DustinReynolds@gmail.com,26146.62,3
4,Amy,Brown,F,1980-02-12,3624914I,Manager,5506 Melissa Village,Ellis Road,Pachecoshire,00986388359,AmyBrown@gmail.com,29418.1,1
5,Christopher,Graham,F,1984-05-28,3998292Q,Assisstant,69542 Melissa Via Apt. 713,Thomas Summit,West Stacyberg,06721727773,ChristopherGraham@gmail.com,43567.65,2
6,Matthew,Mccarthy,M,1978-11-07,5651425W,Assisstant,36563 Miller Fall Suite 716,Nancy Club,South Laura,+91(0)0891067296,MatthewMccarthy@gmail.com,37576.67,3
7,David,Vega,F,1974-12-01,2644549V,Manager,844 Judith Overpass Suite 496,Garcia Knolls,Port Catherinefurt,349-920-8094x2702,DavidVega@gmail.com,39005.93,1
8,Lori,Moore,M,1980-11-03,5907253H,Manager,75954 Pitts Ranch,Michael Fields,West Teresaberg,436.924.0365,LoriMoore@gmail.com,35002.63,2
9,Michael,Griffin,M,1983-11-20,6617295L,Manager,533 Ramos Vista,James Flats,Garciafurt,207-335-3028x3655,MichaelGriffin@gmail.com,41025.66,3
10,Scott,Wilson,M,1961-08-15,4842491G,Manager,42970 Ross Inlet,Brandon Creek,Mariachester,(725)725-6633x07640,ScottWilson@gmail.com,46544.04,1
11,Kelly,Murray,M,1961-04-05,6857204W,Manager,756 Robinson Extension Apt. 734,Hogan Ridge,Carrillochester,645.496.0324x2665,KellyMurray@gmail.com,35909.95,2
12,Jeffrey,Solis,M,1977-01-09,6222455L,Manager,5263 Virginia Radial,Brian Camp,New Gary,(106)875-8030,JeffreySolis@gmail.com,30083.87,3
13,Lori,Velez,F,1968-07-06,8443313B,Manager,00729 Christopher Track Apt. 792,Stephen Gateway,Clarkstad,1-184-803-5572x66378,LoriVelez@gmail.com,46821.11,1
14,Brenda,Gross,F,1983-11-02,6902433U,Assisstant,04418 Benitez Inlet Apt. 128,Tanner Place,Jessicaville,+79(4)1736337364,BrendaGross@gmail.com,35754.96,2
15,Audrey,Benton,M,1964-01-04,7083625Q,Assisstant,2293 Leslie Plain Apt. 053,Guerrero Mews,West Gregoryfurt,1-273-694-4191,AudreyBenton@gmail.com,45919.23,3
16,Mary,Ochoa,F,1974-09-05,3059343G,Manager,0724 Torres Trail,Michael Crossroad,Port Scott,06730639490,MaryOchoa@gmail.com,33918.51,1
17,Randy,Rich,M,1964-09-25,1888625W,Manager,189 Jaime Park Apt. 414,Cochran Flats,Lake Samantha,1-482-240-1942x18713,RandyRich@gmail.com,44308.75,2
18,James,Petersen,F,1988-04-13,9925146C,Assisstant,714 Figueroa Ports,Bowman Oval,West Ian,991.312.3185x999,JamesPetersen@gmail.com,37726.63,3
19,Heather,Spencer,M,1990-03-11,5159415X,Assisstant,632 Cameron Burg Suite 225,Mcknight Hills,Dylanmouth,(751)190-6853,HeatherSpencer@gmail.com,38687.13,1
20,Paula,Carroll,F,1979-04-10,6829222D,Manager,36761 Clark Isle Apt. 641,Margaret Causeway,Port Elizabeth,1-556-588-3253x49072,PaulaCarroll@gmail.com,44380.18,2
21,Jason,Molina,F,1979-08-25,2762199J,Assisstant,921 Cain Tunnel,Tiffany Parks,Lake Dawnton,601.006.4667x966,JasonMolina@gmail.com,29033.51,3
22,James,Martinez,F,1967-10-14,9987118V,Manager,27370 Eric Overpass,Sanchez Rue,Wiseton,783-450-1641,JamesMartinez@gmail.com,25292.99,1
23,Christina,Johnson,M,1977-12-25,6935961P,Manager,658 John Ford Apt. 699,Melissa Dam,Kennedybury,(154)449-2535x86995,ChristinaJohnson@gmail.com,33133.45,2
24,Emily,Pierce,F,1967-06-02,5228830V,Assisstant,2512 Wyatt Neck,Robertson Spur,South Douglasside,253.155.1682,EmilyPierce@gmail.com,34718.95,3
25,Adam,Esparza,M,1960-05-22,4515522K,Manager,1679 Chad Cape,Richardson Gateway,Josephstad,370-839-9183x093,AdamEsparza@gmail.com,25712.92,1
26,Brian,Jones,M,1965-07-20,6614926J,Assisstant,133 Daniel Hill Apt. 530,Hayes Islands,Port Craigstad,896-185-5941x57352,BrianJones@gmail.com,30967.61,2
27,Denise,Ferguson,F,1986-06-15,1721697Q,Manager,302 Nancy Fields Suite 669,Adam Lock,Hannafurt,1-827-044-6521,DeniseFerguson@gmail.com,26850.92,3
28,Timothy,Dougherty,M,1964-05-13,9971692R,Manager,95988 Miller Dam,Burch Grove,New Sharonchester,+15(8)2635540450,TimothyDougherty@gmail.com,33902.72,1
29,William,Robinson,M,1966-10-20,6434500J,Manager,2059 Choi Trace Apt. 013,Daniel Views,Lake Brent,(225)444-9637x3213,WilliamRobinson@gmail.com,44904.81,2
30,Erin,Powers,F,1964-05-15,1158289H,Assisstant,946 Caitlin Vista Suite 697,Rivera Spur,North Corey,(758)033-4194x1018,ErinPowers@gmail.com,32741.44,3
31,Tonya,Young,M,1974-10-15,2416280K,Manager,6050 Guzman Points Apt. 709,Allen Fords,New Christinemouth,+78(2)4752193092,TonyaYoung@gmail.com,25438.21,1
32,Michael,Best,F,1987-10-15,4622762T,Manager,906 Edwards Land Suite 451,Lauren Unions,East Erinton,290.115.0573,MichaelBest@gmail.com,46594.42,2
33,James,Williams,F,1962-11-30,2460193P,Assisstant,561 Victoria Rapid Apt. 357,Amanda Cape,Port Mary,1-071-628-0269x89665,JamesWilliams@gmail.com,39676.89,3
34,Kenneth,Camacho,F,1991-02-04,4060721S,Manager,114 Williams Creek,Heather Lights,New Randymouth,1-430-982-9304x8881,KennethCamacho@gmail.com,45249.45,1
35,Blake,Austin,M,1976-01-01,8688984E,Assisstant,7947 Trujillo Hills Suite 789,Reed Pass,South Gloria,09455772662,BlakeAustin@gmail.com,40326.03,2
36,Aaron,Davidson,M,1974-07-29,3395910N,Manager,53839 Megan Spur Suite 381,Lamb Locks,Ryanburgh,05599251285,AaronDavidson@gmail.com,30680.26,3
37,Thomas,Miles,M,1990-02-04,9770425G,Assisstant,16061 Elizabeth Flat Apt. 605,Amanda Mall,Patriciahaven,974.189.5498x68077,ThomasMiles@gmail.com,44240.42,1
38,Nicole,Meyer,F,1973-11-10,4517046E,Assisstant,2660 Thomas Ranch,Wilson Knolls,Kennethland,(660)398-2310,NicoleMeyer@gmail.com,34305.63,2
39,Brandi,Brown,M,1977-07-16,2906050F,Assisstant,29845 Jared Plains Apt. 064,Kathy Falls,Smithfurt,(261)863-7047x541,BrandiBrown@gmail.com,36132.5,3
40,Jeff,Barker,M,1983-05-10,2258906F,Manager,570 Flores Roads Apt. 978,James Fort,Bishopview,1-014-158-7702,JeffBarker@gmail.com,35176.66,1
41,Charles,Cruz,F,1961-08-25,1556601T,Manager,5007 Underwood Harbor,Robert Unions,Mariaburgh,332-486-5783x58611,CharlesCruz@gmail.com,27569.39,2
42,Jose,Young,F,1987-09-06,8086842J,Manager,394 Schultz Roads,Suarez Fords,West Russellhaven,+46(9)4321639607,JoseYoung@gmail.com,47520.07,3
43,Samantha,Anderson,F,1965-10-24,7029363O,Assisstant,27599 Lam Via Apt. 737,Randall Roads,South Robert,415-468-8780,SamanthaAnderson@gmail.com,43529.45,1
44,Alex,Williams,F,1979-01-25,9035200C,Assisstant,68548 Stephanie Oval Apt. 320,Wilson Union,Sullivanmouth,(048)943-0610x548,AlexWilliams@gmail.com,27562.03,2
45,Dawn,Morris,M,1960-03-18,9154095G,Manager,024 Bradford Streets,Harris View,Diazburgh,(362)630-4703x62026,DawnMorris@gmail.com,44190.61,3
46,Vicki,Willis,F,1985-03-26,4428812L,Manager,068 Stephens Corners Suite 583,Ryan Stravenue,North Whitney,742.312.3496x17798,VickiWillis@gmail.com,41317.94,1
47,Michael,Weiss,M,1970-12-01,1268478D,Manager,359 Rasmussen Stream,Daniels Locks,North Bonnieville,041-565-6679x7725,MichaelWeiss@gmail.com,48759.74,2
48,Kyle,Gomez,M,1979-09-16,1478603M,Assisstant,7457 John Plain Suite 387,Deborah Wall,West Tylerport,(397)060-2047x747,KyleGomez@gmail.com,49527.57,3
49,Scott,Ryan,M,1964-06-29,6477840X,Assisstant,367 Alejandro Common Suite 272,Kayla Ports,Danielshire,1-853-398-6332,ScottRyan@gmail.com,40804.21,1
50,Kristy,Williams,F,1983-11-02,4302215L,Manager,193 Owens Village,Manning Drive,Johnnyside,173-403-4692,KristyWilliams@gmail.com,33410.16,2
51,Eric,Burgess,M,1980-12-19,5013287U,Assisstant,8743 Young Light,Benjamin Parkways,East Kevinborough,+26(7)5710405409,EricBurgess@gmail.com,47191.02,3
52,Rebecca,Rogers,F,1984-12-27,6181414E,Manager,22712 Cain Mount,Amber Unions,Beckborough,366-313-7881x73404,RebeccaRogers@gmail.com,29242.01,1
53,Daniel,Cox,F,1967-08-17,5897128H,Manager,901 Watts Shores,Amanda Brooks,Tiffanyshire,1-879-707-5124,DanielCox@gmail.com,45423.08,2
54,Christina,Montgomery,M,1980-04-30,6869875Z,Manager,5687 Joshua Lock Suite 328,Jerry Estate,Kellyfort,08732283535,ChristinaMontgomery@gmail.com,42135.83,3
55,Timothy,Lawson,M,1992-02-15,1312454T,Manager,2353 Lori River Suite 945,Rogers Neck,New Andrew,(213)681-7162x220,TimothyLawson@gmail.com,34967.53,1
56,Adam,Gallagher,M,1980-03-31,8209978R,Manager,49695 Barbara Pine Apt. 833,Krueger Shoals,Jademouth,265-879-0740,AdamGallagher@gmail.com,31568.06,2
57,Tiffany,Cruz,M,1991-03-07,6975648A,Assisstant,176 Young Keys,Ryan Brook,Heatherhaven,(145)090-0812,TiffanyCruz@gmail.com,42347.91,3
58,Lisa,Black,F,1986-12-20,3993938B,Manager,05292 Crawford Prairie Apt. 260,Kathryn Shoals,Port Joshuaburgh,809.797.1451,LisaBlack@gmail.com,39995.46,1
59,Brittany,Oneal,M,1987-09-13,6171769X,Assisstant,27976 Megan Walks Suite 849,Byrd Parkways,North Morgan,1-235-406-7315x687,BrittanyOneal@gmail.com,47547.06,2
60,Kimberly,Wallace,F,1960-11-10,4078267O,Assisstant,9133 Joshua Causeway Apt. 076,Carroll Fords,Ericville,447.430.3415,KimberlyWallace@gmail.com,40379.23,3
